grid,n,h,cells,L2(uz),order_L2_uz,L2(ur),order_L2_ur,L2(p),order_L2_p,L2(mu_t),order_L2_mu_t,Linf(uz),Linf(ur),Linf(p),Linf(mu_t),mu_eff_check,file
16x16,16,0.0625,144,0.0007460985548718866,,0.000718397755866517,,0.0004995708846775606,,0.00020528705497490875,,0.0022584090420147106,0.0016903326747042921,0.0013899958443358111,0.0005014610329311152,5.00901403688303e-16,n16/velocity_mms_n16_csv_vpp_0002.csv
32x32,32,0.03125,784,0.0002144858270406534,1.798483894541146,0.00014961590990101269,2.263519246273904,0.0001651435822281739,1.596968493141567,5.746064063366039e-05,1.8369966738072967,0.000699706395118382,0.0002913474785285024,0.0006011316868376401,0.00014330135947874796,5.0133508455729725e-16,n32/velocity_mms_n32_csv_vpp_0002.csv
64x64,64,0.015625,3600,5.6715025385908777e-05,1.9190794184464315,3.436972739150272e-05,2.122053283193814,4.861780130328063e-05,1.7641643496731443,1.581401569311826e-05,1.8613703162629747,0.00018770931448738263,6.92510528941502e-05,0.00021845955183916622,4.704944404435203e-05,5.022024462952857e-16,n64/velocity_mms_n64_csv_vpp_0002.csv
128x128,128,0.0078125,15376,1.453454142074435e-05,1.9642454420764457,8.273755738247414e-06,2.0545241374246848,1.3448040238995144e-05,1.8540887037443923,4.398834032039682e-06,1.8460106869098436,4.93271937014538e-05,1.710518371492338e-05,7.24898580509079e-05,2.3726990921100338e-05,5.030698080332741e-16,n128/velocity_mms_n128_csv_vpp_0002.csv
