grid,level,n,h,cells,L2_uz,L2_ur,L2_p,L2_mu_t,Linf_uz,Linf_ur,Linf_p,Linf_mu_t,mu_eff_minus_mu_t_error_linf,file,order_uz,order_ur,order_p,order_mu_t
16x16,n16,16,0.0625,144,0.00043142651172301894,0.0001842606846002295,0.0004963299091491516,0.00012582126865137944,0.0009781877090660474,0.0003984400721902294,0.0014008720651655336,0.000347946758491504,5.030698080332741e-16,n16/velocity_mms_n16_csv_vpp_0002.csv,--,--,--,--
32x32,n32,32,0.03125,784,9.796819770422458e-05,3.4872259891227944e-05,0.00016611448994449877,3.545986471570555e-05,0.00022239103723530051,0.00012730236955283553,0.0005915341381526103,8.112835929794532e-05,5.022024462952857e-16,n32/velocity_mms_n32_csv_vpp_0002.csv,2.138729429974926,2.40159651245336,1.579121471809838,1.8271168767060828
64x64,n64,64,0.015625,3600,2.5526953291187606e-05,1.2339663552743706e-05,4.9347657623168385e-05,1.0473874283945981e-05,8.640089489611244e-05,6.570754061941894e-05,0.00021793988760178146,3.643219276540724e-05,1.0061396160665481e-15,n64/velocity_mms_n64_csv_vpp_0002.csv,1.9402921410471132,1.4987768015624106,1.751124411885041,1.75939183857442
128x128,n128,128,0.0078125,15376,6.784361023448196e-06,3.8354335641315475e-06,1.3725890443313305e-05,3.0032574704337095e-06,2.6749623985417763e-05,2.1199206892662248e-05,7.344962531392798e-05,1.3797595531900991e-05,1.0026701691145945e-15,n128/velocity_mms_n128_csv_vpp_0002.csv,1.9117365098553005,1.6858414823683403,1.8460818615453456,1.8021951254733557
256x256,n256,256,0.00390625,63504,1.760542832060602e-06,1.0688261574067424e-06,3.6707135928247975e-06,8.262104950462082e-07,7.252756174882114e-06,5.91964695038482e-06,2.325788661448349e-05,4.9738747175433196e-06,1.0026701691145945e-15,n256/velocity_mms_n256_csv_vpp_0002.csv,1.946192616812447,1.8433624512572548,1.9027672868423966,1.8619468715609677
