grid,n,h,cells,L2(uz),order_L2_uz,L2(ur),order_L2_ur,L2(p),order_L2_p,L2(mu_t),order_L2_mu_t,Linf(uz),Linf(ur),Linf(p),Linf(mu_t),mu_eff_check,file
16x16,16,0.0625,144,0.0007460985548720189,,0.0007183977558666011,,0.0004995708846775606,,0.00020528705497468189,,0.0022584090420147106,0.0016903326747042921,0.0013899958443358111,0.0005014610329309153,5.0133508455729725e-16,n16/velocity_mms_n16_csv_vpp_0002.csv
32x32,32,0.03125,784,0.00021448582704078345,1.7984838945405273,0.00014961590990111105,2.263519246273124,0.00016514358222817615,1.5969684931415475,5.746064063344414e-05,1.8369966738111319,0.0006997063951193812,0.00029134747852870187,0.0006011316868376453,0.00014330135947844807,5.0133508455729725e-16,n32/velocity_mms_n32_csv_vpp_0002.csv
64x64,64,0.015625,3600,5.6715025386023804e-05,1.91907941844438,3.4369727391599504e-05,2.1220532831907,4.861780130327765e-05,1.7641643496732522,1.5814015692903636e-05,1.8613703162771251,0.00018770931448748238,6.92510528943497e-05,0.00021845955183916708,4.7049444044252285e-05,5.022024462952857e-16,n64/velocity_mms_n64_csv_vpp_0002.csv
128x128,128,0.0078125,15376,1.4534541420852035e-05,1.9642454420686832,8.273755738336386e-06,2.0545241374132335,1.3448040238992626e-05,1.854088703744574,4.398834031828756e-06,1.8460106869594415,4.9327193701553546e-05,1.7105183715122874e-05,7.24898580509053e-05,2.372699092100059e-05,5.039371697712625e-16,n128/velocity_mms_n128_csv_vpp_0002.csv
